"Watershed","avg_Weight"
"1D",38.4058823529412
"20B",44
"4B",35.4428571428571
"4F",35.9857142857143
"R1A",41.4769230769231
"R20A",31
"SpB",36.7769230769231
"SuB",37.9227272727273
