"Watershed","avg_Weight"
"1D",135
"20B",124.919230769231
"4B",140.655555555556
"4F",124.136842105263
"R1A",123.592857142857
"R20A",123.42
"SpB",129.583333333333
"SuB",116.12
