"Watershed","Transect","avg_Weight"
"1D","E",28.2926829268293
"1D","W",21.0111111111111
"20B","E",108.6
"20B","W",124.105555555556
"4B","E",89.73
"4B","W",74
"4F","E",63.5333333333333
"4F","W",111.488235294118
"R1A","E",113.864705882353
"R1A","N",92.76875
"R1A","S",165.833333333333
"R1A","W",93.8969696969697
"R20A","E",121.911111111111
"R20A","W",91.6
"SpB","E",86.1764705882353
"SpB","N",29.4375
"SpB","S",49.7857142857143
"SpB","W",18.3
"SuB","E",46.9125
"SuB","W",72.9384615384615
