"Watershed","MIOC","PMMA","REME","REMO","SIHI","DIVI","NEFL","PMLE","BLHY","CHHI","ICTR","Sh_div"
"1D",27,86,9,2,5,0,0,0,0,0,0,0.973998699096285
"20B",2,2,0,0,48,3,23,168,0,0,0,0.932858407404148
"4B",11,8,19,0,17,0,4,44,5,4,0,1.74739854869802
"4F",15,3,42,1,30,0,0,3,4,0,0,1.40358329896866
"R1A",19,7,0,0,158,0,12,62,0,2,0,1.11243842756483
"R20A",1,2,6,1,62,0,4,15,9,1,0,1.30858452964995
"SpB",15,34,3,0,39,0,7,3,0,4,1,1.55821138399495
"SuB",37,9,6,0,21,0,1,18,0,0,0,1.47731897255389
